"","State","Account_Length","Area_Code","Intl_Plan","Vmail_Plan","Vmail_Message","Day_Mins","Day_Calls","Eve_Mins","Eve_Calls","Night_Mins","Night_Calls","Intl_Mins","Intl_Calls","CustServ_Calls","Customer_service","Ambos_planes","Churn"
"1","FL",116,415,"no","yes",17,193.4,112,240.6,131,248.1,98,11.4,3,"5",">=4","FALSE","False."
"2","AL",131,415,"no","yes",25,192.7,85,225.9,105,254.2,59,10.9,6,"2","<4","FALSE","False."
"3","DC",101,415,"no","no",0,257.3,84,184.8,115,108.9,109,13.5,7,"0","<4","TRUE","False."
"4","RI",83,415,"no","yes",20,95,89,167.9,92,200.6,79,11.2,2,"0","<4","FALSE","False."
"5","TN",127,415,"no","yes",28,235.6,124,236.8,113,241.2,127,7.7,2,"1","<4","FALSE","False."
"6","MO",45,510,"no","yes",29,135.8,104,222.5,101,235.6,92,7.9,6,"2","<4","FALSE","False."
"7","OH",75,510,"no","yes",27,117.5,102,206.8,127,194.4,114,4.2,7,"3","<4","FALSE","False."
"8","MN",150,415,"no","yes",28,174.4,75,169.9,80,201.6,130,11,4,"1","<4","FALSE","False."
"9","FL",103,415,"no","no",0,158.7,90,198.4,117,181.1,76,10.5,4,"1","<4","TRUE","False."
"10","VA",86,415,"no","yes",30,99.9,84,263.5,125,254.7,90,9.8,7,"2","<4","FALSE","False."
"11","MT",33,510,"no","yes",35,161.9,85,151.2,82,191,131,8.5,2,"1","<4","FALSE","False."
"12","MS",124,415,"no","no",0,251.5,85,214.2,98,186.1,71,11.1,6,"3","<4","TRUE","False."
"13","WV",95,415,"no","no",0,175.2,91,244.4,109,75.8,95,7.5,2,"1","<4","TRUE","False."
"14","UT",47,408,"no","yes",37,112.8,150,243.9,97,178.7,112,13.2,6,"2","<4","FALSE","False."
"15","KY",110,510,"no","no",0,99.4,62,275,86,212.1,94,16.7,3,"2","<4","TRUE","False."
"16","WI",140,415,"no","no",0,129.6,79,246.2,99,172.1,124,9.4,10,"3","<4","TRUE","False."
"17","WV",101,415,"no","yes",28,220.3,96,285.8,72,203,111,9.4,6,"4",">=4","FALSE","False."
"18","AK",132,510,"no","no",0,181.1,121,314.4,109,246.7,81,4.2,9,"2","<4","TRUE","False."
"19","AZ",68,415,"no","no",0,232.4,76,153.3,103,214.6,107,10.5,2,"1","<4","TRUE","False."
"20","ME",57,415,"no","yes",33,193.4,105,231.6,79,226.2,90,11.1,11,"2","<4","FALSE","False."
"21","DC",74,415,"no","no",0,85.7,83,247.7,67,142.4,85,10.1,5,"2","<4","TRUE","False."
"22","NM",56,408,"no","no",0,146.1,57,196.2,97,310.1,110,9.2,3,"0","<4","TRUE","False."
"23","WV",112,415,"yes","no",0,161.9,138,200.9,114,134,134,10.7,4,"1","<4","FALSE","False."
"24","HI",171,510,"no","no",0,189.8,122,173.7,85,257.1,84,10.3,1,"0","<4","TRUE","False."
"25","OK",125,415,"no","yes",36,201.3,117,42.2,78,125.7,104,5.4,3,"1","<4","FALSE","False."
"26","WV",124,510,"no","no",0,184.8,74,175.1,84,158.2,95,10.5,6,"1","<4","TRUE","False."
"27","MI",53,510,"no","yes",37,167.3,99,194.7,99,236.7,112,12,9,"2","<4","FALSE","False."
"28","MT",74,415,"no","no",0,162.7,102,292,105,183.3,80,8.7,6,"0","<4","TRUE","False."
"29","MA",145,415,"no","no",0,175.8,89,274.3,119,226.6,69,12.4,4,"1","<4","TRUE","False."
"30","WI",78,408,"no","no",0,87,102,193.6,64,205.8,120,11,5,"0","<4","TRUE","False."
"31","MO",135,510,"no","no",0,246.8,129,187.8,121,154.5,109,12.6,5,"1","<4","TRUE","False."
"32","MO",80,408,"yes","yes",15,159.3,110,170.6,120,141.2,82,11.9,5,"1","<4","TRUE","False."
"33","IN",36,415,"no","no",0,253.4,77,182.4,151,275.8,103,8.4,2,"1","<4","TRUE","False."
"34","RI",112,510,"no","no",0,194.4,101,190.3,82,183.4,107,11.4,2,"0","<4","TRUE","False."
"35","IL",116,510,"no","no",0,164.6,110,270.6,103,230.4,109,8,3,"0","<4","TRUE","False."
"36","ME",120,510,"no","no",0,198.8,56,230.1,73,119.8,81,9.9,3,"2","<4","TRUE","False."
"37","KY",109,415,"no","no",0,175.6,80,238,94,198.4,103,10.2,6,"1","<4","TRUE","False."
"38","MD",97,415,"no","no",0,218,86,184,94,240.5,110,6.4,8,"3","<4","TRUE","False."
"39","AK",146,510,"yes","no",0,133,65,262.8,93,214.3,128,11.2,3,"1","<4","FALSE","False."
"40","OK",88,408,"no","no",0,65.4,97,168.2,76,236,113,13.8,1,"2","<4","TRUE","False."
"41","NM",141,415,"no","yes",28,206.9,126,264.4,126,171.8,124,9.3,11,"2","<4","FALSE","False."
"42","IL",84,510,"no","no",0,181.5,129,130.7,112,186.5,118,8.5,4,"1","<4","TRUE","False."
"43","CT",94,415,"no","no",0,206.1,49,224.6,115,256.7,74,13,1,"1","<4","TRUE","False."
"44","WI",68,415,"no","no",0,148.8,70,246.5,164,129.8,103,12.1,3,"3","<4","TRUE","False."
"45","LA",149,415,"no","yes",20,198.9,77,274,88,190.7,76,14.3,9,"1","<4","FALSE","False."
"46","SC",99,415,"no","yes",33,179.1,93,238.3,102,165.7,96,10.6,1,"2","<4","FALSE","False."
"47","WY",185,415,"yes","yes",30,154.1,114,118.7,106,258.4,105,12.9,3,"2","<4","TRUE","False."
"48","LA",67,510,"no","no",0,310.4,97,66.5,123,246.5,99,9.2,10,"4",">=4","TRUE","False."
"49","AL",181,415,"no","yes",27,190.3,93,249,127,215.7,82,10.6,4,"1","<4","FALSE","False."
"50","WI",103,415,"no","no",0,180.2,134,97.7,85,181.7,134,8.4,3,"1","<4","TRUE","False."
"51","WV",82,408,"no","no",0,143.7,116,170.7,99,287.7,95,7.8,5,"1","<4","TRUE","False."
"52","ID",85,408,"no","yes",27,196.4,139,280.9,90,89.3,75,13.8,4,"1","<4","FALSE","False."
"53","NE",95,510,"no","no",0,58.2,96,202.1,126,210.5,97,10.4,5,"0","<4","TRUE","False."
"54","IN",130,408,"no","yes",30,185,117,249.5,141,157.8,103,7.4,7,"0","<4","FALSE","False."
"55","PA",124,415,"no","no",0,167.4,119,233.2,143,109.6,115,10.3,5,"0","<4","TRUE","False."
"56","SD",27,408,"no","no",0,236.7,110,231.9,92,164.7,85,12.7,6,"1","<4","TRUE","False."
"57","MA",57,510,"no","no",0,154.2,78,196.7,85,253.5,97,10.1,9,"1","<4","TRUE","False."
"58","OH",29,415,"yes","yes",37,235,101,183.3,79,139.8,106,5.7,7,"2","<4","TRUE","False."
"59","DC",121,408,"no","no",0,168.6,121,168.6,94,95.3,59,12.3,4,"1","<4","TRUE","False."
"60","CA",158,510,"no","no",0,155.9,123,224.2,112,221,116,8.6,8,"2","<4","TRUE","False."
"61","MI",115,415,"no","yes",26,155.2,110,230.9,133,261.6,100,4.5,4,"0","<4","FALSE","False."
"62","AR",57,510,"no","no",0,192.8,68,158,86,235.5,105,12.7,6,"1","<4","TRUE","False."
"63","CA",120,510,"no","no",0,134.8,94,204.1,106,238.4,109,6.7,8,"1","<4","TRUE","False."
"64","MS",38,415,"no","no",0,117.3,114,208.7,105,203.4,98,14.4,2,"2","<4","TRUE","False."
"65","WY",126,408,"yes","no",0,197.6,126,246.5,112,285.3,104,12.5,8,"2","<4","FALSE","False."
"66","CO",63,415,"no","yes",32,30.9,113,187,113,230.8,101,8.6,7,"1","<4","FALSE","False."
"67","KY",106,510,"no","yes",9,88.5,100,324.8,109,79.9,86,8.2,4,"3","<4","FALSE","False."
"68","HI",101,415,"no","no",0,253.2,89,237.9,114,154.3,85,9.7,7,"4",">=4","TRUE","False."
"69","NE",105,415,"no","yes",27,141.2,96,167.7,94,274.4,101,11.4,2,"1","<4","FALSE","False."
"70","NJ",138,510,"no","no",0,220.2,89,88.3,125,195.3,79,12.9,5,"0","<4","TRUE","False."
"71","WA",104,415,"no","no",0,139.7,78,202.6,119,203.6,102,11.3,5,"2","<4","TRUE","False."
"72","ME",66,510,"no","no",0,118,133,248.1,99,214.4,122,5.3,5,"1","<4","TRUE","False."
"73","MD",52,415,"no","no",0,209.8,114,171.3,82,154.6,119,9.9,9,"4",">=4","TRUE","False."
"74","WV",94,510,"yes","yes",23,197.1,125,214.5,136,282.2,103,9.5,5,"4",">=4","TRUE","False."
"75","CT",107,408,"no","no",0,90.7,90,207.5,109,169.4,96,5.6,5,"2","<4","TRUE","False."
"76","AR",36,415,"no","no",0,157.6,117,184.3,58,240.4,99,11.9,1,"0","<4","TRUE","False."
"77","OR",21,510,"no","yes",31,135.9,90,271,84,179.1,89,9.5,7,"6",">=4","FALSE","False."
"78","IL",91,415,"no","no",0,189.3,100,239.3,107,89.7,89,9.9,3,"3","<4","TRUE","False."
"79","NV",124,415,"no","no",0,234.4,61,179.3,111,285.5,117,10.4,6,"3","<4","TRUE","False."
"80","NY",122,415,"no","no",0,173.6,110,91.7,84,211.7,103,9.7,7,"3","<4","TRUE","False."
"81","WA",117,408,"no","no",0,191.1,93,282.8,56,84.8,118,12,4,"2","<4","TRUE","False."
"82","SD",139,510,"no","no",0,196,135,186,146,153,92,9.8,1,"3","<4","TRUE","False."
"83","MT",160,415,"no","no",0,97.5,113,268.1,69,255.3,62,13.2,4,"3","<4","TRUE","False."
"84","AZ",163,510,"no","no",0,178.7,56,215.7,79,152.7,84,10.6,2,"4",">=4","TRUE","False."
"85","IN",98,408,"no","yes",21,64.6,98,176.1,86,244.8,84,0,0,"2","<4","FALSE","False."
"86","PA",92,415,"yes","no",0,255.8,125,142.7,111,181.2,101,11.7,3,"0","<4","FALSE","False."
"87","IN",100,510,"no","no",0,247.8,117,130,95,134.3,125,6.9,2,"1","<4","TRUE","False."
"88","MD",116,510,"yes","yes",27,175.5,137,210.6,60,294.8,121,6.9,5,"1","<4","TRUE","False."
"89","IA",73,415,"no","no",0,137.1,102,210.8,114,191.4,120,11.1,4,"1","<4","TRUE","False."
"90","AZ",113,510,"no","no",0,81.3,116,220.6,124,235.7,113,8.9,3,"0","<4","TRUE","False."
"91","CO",137,415,"no","no",0,127,107,323.2,75,143.9,127,7.5,2,"1","<4","TRUE","False."
"92","ID",151,415,"no","no",0,194.8,106,292.7,103,224.6,82,5.5,3,"0","<4","TRUE","False."
"93","WV",107,415,"no","no",0,123.1,100,158.4,82,256.1,82,9.3,5,"0","<4","TRUE","False."
"94","DE",97,415,"no","yes",32,183.4,94,269.1,120,203.5,38,6.7,4,"5",">=4","FALSE","False."
"95","WA",81,415,"no","no",0,183.6,116,152.6,98,212.2,99,12.2,6,"3","<4","TRUE","False."
"96","ID",99,408,"no","no",0,159.7,83,155.4,121,255.7,114,8.4,3,"1","<4","TRUE","False."
"97","AL",149,415,"no","yes",20,264.4,102,219.6,123,200.4,89,11.3,3,"2","<4","FALSE","False."
"98","KY",111,415,"no","no",0,255.9,97,204.1,129,171.3,84,12.3,5,"3","<4","TRUE","False."
"99","ID",92,415,"yes","no",0,173.1,140,240.3,105,233.2,117,9,5,"1","<4","FALSE","False."
"100","MD",165,415,"no","yes",39,167.4,113,172.7,94,192.6,113,9.5,4,"3","<4","FALSE","False."
"101","IA",126,408,"no","yes",27,186.2,78,189.6,83,76.5,139,9.6,3,"2","<4","FALSE","False."
"102","PA",91,510,"no","no",0,231.8,120,150.6,106,269.2,129,11.6,7,"3","<4","TRUE","False."
"103","VA",77,510,"no","no",0,144.9,136,151.3,115,252.4,73,12.3,3,"2","<4","TRUE","False."
"104","MD",112,415,"no","no",0,170.4,103,200.2,71,258.3,100,11.6,4,"1","<4","TRUE","False."
"105","NE",147,415,"no","yes",38,243.4,126,273.8,109,282.9,91,14.1,8,"2","<4","FALSE","False."
"106","IA",1,408,"no","yes",26,208,115,185,113,177.7,144,8.1,9,"1","<4","FALSE","False."
"107","RI",63,415,"no","no",0,180.5,126,230,98,232.5,73,10.6,3,"0","<4","TRUE","False."
"108","FL",136,408,"yes","no",0,199.2,122,214.7,114,150.9,105,11.8,7,"1","<4","FALSE","False."
"109","PA",114,415,"no","no",0,155.3,75,169.9,87,207,133,12.6,5,"2","<4","TRUE","False."
"110","WI",66,415,"yes","no",0,208.7,84,173.3,88,264.7,107,8.3,3,"3","<4","FALSE","False."
"111","NM",178,415,"no","yes",35,175.4,88,190,65,138.7,94,10.5,3,"2","<4","FALSE","False."
"112","WI",142,408,"no","yes",24,239.8,103,285.9,65,256.7,106,9.5,4,"0","<4","FALSE","False."
"113","AK",103,510,"no","no",0,190.9,62,226.6,53,230.1,96,7.8,3,"2","<4","TRUE","False."
"114","OR",155,408,"no","yes",30,128.5,86,188.4,91,254.4,85,6.8,6,"1","<4","FALSE","False."
"115","CT",212,415,"no","no",0,126,96,144.3,80,302.8,102,7.6,3,"1","<4","TRUE","False."
"116","UT",96,415,"no","no",0,160.2,117,267.5,67,228.5,68,9.3,5,"2","<4","TRUE","False."
"117","MN",40,510,"yes","no",0,170.7,55,179.1,108,281.9,89,8.2,9,"3","<4","FALSE","False."
"118","IN",99,415,"yes","no",0,197.2,127,156,92,204.1,99,9.9,6,"4",">=4","FALSE","False."
"119","MT",94,415,"no","no",0,137.5,118,203.2,88,150,131,13.4,2,"0","<4","TRUE","False."
"120","NY",140,415,"no","no",0,235.5,81,257.2,130,103.1,111,11.5,4,"2","<4","TRUE","False."
"121","CO",81,408,"no","no",0,115.3,99,224.7,117,152.5,98,18,2,"1","<4","TRUE","False."
"122","NV",105,415,"yes","no",0,228.4,100,145.1,108,245.3,140,7.7,7,"0","<4","FALSE","False."
"123","NH",88,415,"no","no",0,202.2,86,216.8,93,239.4,99,11.8,2,"2","<4","TRUE","False."
"124","WV",80,415,"no","yes",38,236.6,69,197.5,68,209.5,102,9.5,10,"2","<4","FALSE","False."
"125","DE",105,415,"yes","no",0,150,106,293.8,123,250.7,65,10.3,7,"3","<4","FALSE","False."
"126","IN",96,415,"no","yes",23,183.1,88,147.4,89,350.2,108,11.3,7,"1","<4","FALSE","False."
"127","CA",185,408,"no","no",0,139.6,92,250.2,115,158.1,79,10.8,4,"1","<4","TRUE","False."
"128","VT",146,510,"yes","no",0,204.4,135,219.1,90,222.7,114,10.5,6,"3","<4","FALSE","False."
"129","GA",155,510,"no","no",0,71.2,90,304.4,119,183.3,103,8.6,4,"0","<4","TRUE","False."
"130","AZ",73,415,"no","no",0,175.4,130,248.1,105,122.4,85,12.2,4,"0","<4","TRUE","False."
"131","FL",148,510,"yes","no",0,148.2,138,159.6,123,197.4,62,8.6,3,"2","<4","FALSE","False."
"132","MD",139,415,"no","no",0,181.6,119,335.7,118,149.8,64,8.3,6,"4",">=4","TRUE","False."
"133","HI",99,415,"no","no",0,62.9,81,231,64,168.9,121,8.5,5,"1","<4","TRUE","False."
"134","KS",65,415,"no","yes",34,208.8,119,142.1,106,214.6,87,12.5,4,"4",">=4","FALSE","False."
"135","DC",136,510,"no","no",0,204.5,63,208.8,95,224,119,9.8,2,"0","<4","TRUE","False."
"136","MD",18,408,"no","no",0,273.6,93,114.6,116,250.6,120,8.2,4,"1","<4","TRUE","False."
"137","UT",83,510,"no","no",0,208.9,71,214.8,92,247.9,108,13,5,"1","<4","TRUE","False."
"138","MN",55,415,"no","no",0,175.6,147,161.8,118,289.5,55,9.3,4,"0","<4","TRUE","False."
"139","VA",118,415,"no","no",0,154.6,112,184.2,105,217.4,102,12.6,5,"2","<4","TRUE","False."
"140","NH",121,510,"no","yes",35,193.8,62,197.6,97,218.8,95,5.9,4,"0","<4","FALSE","False."
"141","LA",162,510,"no","yes",33,184.5,139,183.2,78,127.4,106,12.3,6,"0","<4","FALSE","False."
"142","CO",118,415,"no","yes",36,294.9,106,165.7,115,189.2,63,9.8,5,"3","<4","FALSE","False."
"143","WV",51,408,"no","no",0,169.3,111,139.5,69,197,87,12,3,"0","<4","TRUE","False."
"144","MS",17,408,"no","yes",35,198.5,123,270.6,74,209.9,130,8.1,10,"1","<4","FALSE","False."
"145","KY",108,415,"no","yes",35,169.8,136,173.7,101,214.6,105,9.5,7,"2","<4","FALSE","False."
"146","IL",48,510,"no","no",0,128.2,71,48.1,78,116.3,80,8.9,3,"0","<4","TRUE","False."
"147","MO",101,415,"no","yes",29,121.1,116,186.4,100,241.7,75,10.1,6,"0","<4","FALSE","False."
"148","DC",108,510,"no","no",0,138.6,122,172.3,117,231.6,92,9.8,3,"1","<4","TRUE","False."
"149","MS",107,510,"yes","no",0,273.5,104,183.8,68,153.8,67,11,9,"2","<4","FALSE","False."
"150","KS",130,510,"no","no",0,154,95,205.9,106,233.7,75,12.9,1,"1","<4","TRUE","False."
"151","NE",46,408,"no","no",0,210.2,92,227.3,77,200.1,116,13.1,7,"1","<4","TRUE","False."
"152","DE",87,415,"no","no",0,177.2,72,248.9,105,200.8,87,8.6,7,"3","<4","TRUE","False."
"153","WY",125,415,"no","no",0,140.1,132,209.6,126,264.1,77,8,2,"1","<4","TRUE","False."
"154","ID",153,415,"no","yes",22,167.7,104,246.8,91,203.9,117,7.5,11,"1","<4","FALSE","False."
"155","OK",46,415,"no","no",0,164.2,116,196.2,153,236.1,119,8.1,1,"1","<4","TRUE","False."
"156","AL",102,408,"no","no",0,224.7,81,129.4,112,167.6,109,15.8,6,"1","<4","TRUE","False."
"157","AK",55,408,"no","yes",39,139.3,101,178.3,117,246.5,104,8.1,1,"3","<4","FALSE","False."
"158","VT",93,408,"no","yes",32,138.1,91,167.3,72,238.9,115,6.8,3,"2","<4","FALSE","False."
"159","ID",113,415,"no","yes",30,183.8,102,183.4,123,235,52,11.6,7,"0","<4","FALSE","False."
"160","IL",148,408,"no","yes",25,230.7,102,233.8,109,215.8,90,13.5,2,"3","<4","FALSE","False."
"161","ID",73,510,"no","yes",28,198.2,107,139.1,123,199.1,139,8.8,1,"2","<4","FALSE","False."
"162","MO",168,415,"no","yes",42,97.4,57,203.6,98,173.9,124,11.4,2,"2","<4","FALSE","False."
"163","IL",183,510,"no","no",0,108.3,87,183.6,116,176.6,109,13.5,2,"0","<4","TRUE","False."
"164","ND",105,510,"no","no",0,246.4,83,256.2,101,169,151,3.8,4,"0","<4","TRUE","False."
"165","IN",140,415,"no","no",0,160.5,114,240.5,103,233.5,121,11.3,4,"1","<4","TRUE","False."
"166","MS",114,415,"no","yes",34,154.4,109,221.4,142,208.5,103,10.3,5,"0","<4","FALSE","False."
"167","TX",79,415,"no","no",0,144,90,135.8,91,212.4,129,13,4,"1","<4","TRUE","False."
"168","HI",105,510,"no","no",0,125.4,116,261.5,95,241.6,104,11.4,9,"2","<4","TRUE","False."
"169","MI",91,408,"no","no",0,134.7,116,295.3,98,195.5,121,6.6,5,"2","<4","TRUE","False."
"170","VT",122,415,"no","no",0,136.7,115,243.1,137,188.9,110,8.6,4,"0","<4","TRUE","False."
"171","MN",186,415,"no","yes",26,74.3,107,177.3,116,296.3,90,14.5,3,"2","<4","FALSE","False."
"172","WV",11,510,"no","yes",38,209.8,130,196.6,84,233,79,7,7,"1","<4","FALSE","False."
"173","WA",119,415,"no","yes",26,161.3,97,250.3,110,142.4,92,6.6,8,"1","<4","FALSE","False."
"174","NC",26,415,"no","no",0,234.5,109,216.5,129,191.6,94,3.5,6,"3","<4","TRUE","False."
"175","RI",63,415,"yes","no",0,62.9,112,202.9,111,259,58,8.9,8,"1","<4","FALSE","False."
"176","CO",141,415,"no","no",0,126.9,98,180,62,140.8,128,8,2,"1","<4","TRUE","False."
"177","DC",169,415,"yes","no",0,57.1,98,199.7,78,274.7,103,6.5,6,"3","<4","FALSE","False."
"178","MA",42,408,"no","no",0,241.2,134,116.5,114,152.2,91,10.6,4,"0","<4","TRUE","False."
"179","MI",86,415,"no","yes",28,221.6,74,288.4,100,240.3,105,9,2,"1","<4","FALSE","False."
"180","SC",138,510,"no","yes",21,19.5,149,140.9,109,179.7,111,7.9,1,"0","<4","FALSE","False."
"181","SD",87,415,"no","yes",21,214,113,180,114,134.5,82,10.6,5,"0","<4","FALSE","False."
"182","RI",93,415,"no","no",0,98.4,78,249.6,129,248.2,114,14.2,4,"1","<4","TRUE","False."
"183","SD",105,415,"no","no",0,251.6,88,175.1,103,184.4,112,5.4,5,"1","<4","TRUE","False."
"184","NH",119,408,"no","no",0,138.3,89,170.5,78,263.9,98,13.5,6,"3","<4","TRUE","False."
"185","WV",59,510,"no","no",0,189.7,100,115.9,133,220.6,115,7.4,4,"0","<4","TRUE","False."
"186","MI",59,415,"no","no",0,204.3,65,247.3,123,214.7,94,12,4,"1","<4","TRUE","False."
"187","WY",87,415,"no","yes",22,263.8,65,103.4,115,208.1,109,8.5,3,"3","<4","FALSE","False."
"188","ND",101,415,"no","yes",28,105.9,132,231.7,107,281.3,120,10.7,5,"1","<4","FALSE","False."
"189","MA",166,415,"no","no",0,203.4,81,167.7,110,132,124,9.2,5,"2","<4","TRUE","False."
"190","NV",162,415,"no","no",0,115.1,89,196.8,111,212.4,98,11.4,3,"2","<4","TRUE","False."
"191","CA",92,408,"no","no",0,249.4,118,211.5,95,169,116,9.1,3,"0","<4","TRUE","False."
"192","KS",148,510,"no","no",0,239.3,84,195.7,85,232.6,104,10.9,3,"1","<4","TRUE","False."
"193","FL",116,510,"no","no",0,192.1,98,312.9,135,130.2,94,7.9,2,"3","<4","TRUE","False."
"194","WI",67,510,"no","no",0,109.1,134,142.3,76,91.2,86,10.9,5,"2","<4","TRUE","False."
"195","RI",114,510,"no","yes",28,225.8,94,193,117,232.4,100,8.4,9,"4",">=4","FALSE","False."
"196","OR",97,415,"no","no",0,146,121,203,141,151.8,120,13.3,2,"1","<4","TRUE","False."
"197","PA",82,408,"no","no",0,125.7,96,207.6,137,183.1,103,12.9,2,"1","<4","TRUE","False."
"198","MN",103,415,"no","no",0,198.5,112,42.5,90,179.2,124,12.4,5,"0","<4","TRUE","False."
"199","RI",155,408,"yes","no",0,163.1,94,291.7,108,96.4,111,11.2,3,"0","<4","FALSE","False."
"200","ID",224,510,"no","no",0,111.4,133,175,66,217.2,106,5.5,6,"3","<4","TRUE","False."
"201","HI",3,408,"no","no",0,139,99,250.7,108,286.2,87,6.1,3,"4",">=4","TRUE","False."
"202","AL",167,510,"no","no",0,207.6,88,132.4,63,255.2,98,14.1,5,"0","<4","TRUE","False."
"203","CO",107,415,"no","no",0,204.5,108,162.4,110,155,102,13.4,1,"3","<4","TRUE","False."
"204","WV",30,510,"no","no",0,162.3,96,244,122,180.1,89,9.1,4,"2","<4","TRUE","False."
"205","WI",70,415,"no","no",0,156.4,108,171,116,196.1,96,8.6,4,"2","<4","TRUE","False."
"206","AZ",100,415,"no","yes",26,153.7,115,137.8,146,213.5,104,15.9,5,"1","<4","FALSE","False."
"207","MT",111,408,"no","no",0,142.3,75,122.8,106,229.5,94,12.8,9,"2","<4","TRUE","False."
"208","KS",137,415,"no","yes",19,175.3,96,241.3,146,211.4,109,7.8,2,"0","<4","FALSE","False."
"209","TX",90,408,"yes","no",0,221.8,97,203.8,134,215.8,154,8.4,4,"1","<4","FALSE","False."
"210","LA",53,415,"no","no",0,145.1,116,233.7,82,208.7,95,7.9,5,"2","<4","TRUE","False."
"211","MI",126,415,"yes","yes",26,129.3,123,176.5,114,154.5,102,9.6,7,"1","<4","TRUE","False."
"212","PA",136,408,"no","no",0,102.1,75,219.5,97,73.7,92,9.8,5,"0","<4","TRUE","False."
"213","WY",171,415,"no","no",0,231.2,135,188.7,74,206.9,124,12.3,1,"1","<4","TRUE","False."
"214","WV",121,510,"no","no",0,177.2,142,123.5,88,213.2,51,8.4,6,"1","<4","TRUE","False."
"215","ID",166,415,"no","no",0,220.7,106,177.8,118,206.1,102,12.4,9,"1","<4","TRUE","False."
"216","OK",155,415,"no","yes",23,243.9,112,133,106,213.7,123,13.4,11,"2","<4","FALSE","False."
"217","AR",54,415,"no","yes",39,206.9,143,127.8,72,199.2,120,9.2,1,"3","<4","FALSE","False."
"218","WA",103,415,"no","no",0,204.9,107,135.2,102,208.2,106,10.4,3,"5",">=4","TRUE","False."
"219","NE",73,415,"no","no",0,198.3,94,279.3,101,146.2,87,14.8,8,"3","<4","TRUE","False."
"220","ID",74,415,"no","no",0,221.1,124,110.8,94,240.1,112,10.6,3,"0","<4","TRUE","False."
"221","KS",137,415,"no","no",0,230.2,113,220.4,79,204.7,111,10.7,7,"4",">=4","TRUE","False."
"222","UT",201,510,"no","no",0,212.7,72,225.2,90,195.1,99,7,6,"1","<4","TRUE","False."
"223","RI",65,415,"no","no",0,111,51,219.8,84,202,89,4.4,14,"1","<4","TRUE","False."
"224","AL",144,415,"no","no",0,177.5,93,287.4,75,180.5,118,11.9,3,"2","<4","TRUE","False."
"225","NC",149,510,"no","no",0,207.3,115,198.4,82,114.1,83,8.6,4,"1","<4","TRUE","False."
"226","SD",209,415,"no","no",0,227.2,128,258.4,92,183.5,74,8.9,4,"3","<4","TRUE","False."
"227","HI",132,415,"no","yes",15,154.6,128,245.6,106,148.6,90,9.1,4,"1","<4","FALSE","False."
"228","TN",70,510,"no","no",0,126.3,99,141.6,106,255.9,96,9.6,2,"0","<4","TRUE","False."
"229","GA",85,510,"no","no",0,222.3,132,231.5,101,223.5,75,11,2,"3","<4","TRUE","False."
"230","VA",114,415,"yes","yes",31,174.5,104,224.2,92,116.3,91,12.3,10,"2","<4","TRUE","False."
"231","OK",57,408,"no","yes",25,176.8,94,195,75,213.5,116,8.3,4,"0","<4","FALSE","False."
"232","WY",33,415,"no","no",0,213.9,88,239.8,119,148.7,71,9.8,14,"2","<4","TRUE","False."
"233","WI",54,415,"no","no",0,116.8,119,123.1,123,217.5,101,12,2,"1","<4","TRUE","False."
"234","AL",8,415,"no","yes",36,242.9,67,170.9,59,177.3,130,4.8,12,"1","<4","FALSE","False."
"235","AK",52,415,"no","yes",24,170.9,71,201.4,80,159,124,4.1,5,"2","<4","FALSE","False."
"236","IA",143,510,"no","yes",33,141.4,130,186.4,114,210,111,7.7,6,"1","<4","FALSE","False."
"237","ID",88,415,"no","no",0,55.6,65,242.7,121,176.3,134,11.3,4,"0","<4","TRUE","False."
"238","UT",32,510,"no","yes",26,243.5,137,236.8,108,173.3,149,9,9,"1","<4","FALSE","False."
"239","AL",67,415,"no","yes",28,95,94,291.2,73,159.6,114,10,2,"2","<4","FALSE","False."
"240","RI",80,510,"no","no",0,202.4,118,260.2,67,177.4,112,9.2,5,"3","<4","TRUE","False."
"241","TX",126,415,"no","no",0,190.9,143,149.7,72,191.4,87,13,3,"1","<4","TRUE","False."
"242","WY",225,415,"no","no",0,182.7,142,246.5,63,218,103,8.8,2,"1","<4","TRUE","False."
"243","NY",91,510,"no","no",0,109.8,100,189.6,104,206.7,85,11.1,3,"1","<4","TRUE","False."
"244","UT",139,415,"no","no",0,165,132,249.7,86,170.3,128,12.6,8,"1","<4","TRUE","False."
"245","NE",91,510,"no","yes",37,162.3,107,233.9,115,277.4,94,9.2,4,"0","<4","FALSE","False."
"246","WA",136,415,"no","yes",16,90.4,105,201.3,109,227.1,115,13.1,4,"0","<4","FALSE","False."
"247","MD",90,415,"no","no",0,114.4,122,127.7,154,253.1,109,10.1,5,"2","<4","TRUE","False."
"248","IN",130,408,"no","no",0,115.6,129,167.8,104,141.8,124,12.6,9,"1","<4","TRUE","False."
"249","DE",117,415,"no","no",0,168.8,137,241.4,107,204.8,106,15.5,4,"0","<4","TRUE","False."
"250","WY",215,510,"no","no",0,83.6,148,120.9,91,226.6,110,10.7,9,"0","<4","TRUE","False."
"251","SC",99,510,"no","no",0,169.2,70,271.5,77,170.2,104,10.6,2,"0","<4","TRUE","False."
"252","AL",125,408,"no","no",0,169.3,90,156,138,210.8,106,11.6,6,"2","<4","TRUE","False."
"253","UT",243,510,"no","no",0,95.5,92,163.7,63,264.2,118,6.6,6,"2","<4","TRUE","False."
"254","DE",129,408,"no","no",0,161.3,122,220.6,95,224.7,104,9.6,3,"1","<4","TRUE","False."
"255","IL",149,408,"no","no",0,69.1,117,136.3,100,181.7,53,6.3,3,"1","<4","TRUE","False."
"256","NC",118,408,"yes","yes",39,153.8,106,123.3,111,117.8,103,9.2,6,"1","<4","TRUE","False."
"257","NE",64,408,"no","no",0,261.9,113,148.1,99,145.2,74,13.8,4,"0","<4","TRUE","False."
"258","DC",148,415,"no","no",0,202,102,243.2,128,261.3,90,10.9,3,"1","<4","TRUE","False."
"259","WY",120,415,"no","yes",24,227.5,81,234.9,71,166.4,128,9,13,"1","<4","FALSE","False."
"260","MS",1,415,"no","no",0,144.8,107,112.5,66,218.7,79,13.8,3,"1","<4","TRUE","False."
"261","CA",93,510,"no","yes",19,136.8,113,179.5,105,71.1,95,12.5,3,"2","<4","FALSE","False."
"262","WI",120,408,"no","yes",26,239.4,94,259.4,88,238,132,7.7,3,"0","<4","FALSE","False."
"263","MN",90,408,"no","no",0,142.4,126,126.2,118,274.2,71,4.6,4,"1","<4","TRUE","False."
"264","PA",69,415,"no","no",0,228.2,70,263.7,80,142.6,60,10.7,5,"3","<4","TRUE","False."
"265","MT",97,415,"no","yes",15,117.6,97,196.3,126,157.4,113,6.4,3,"1","<4","FALSE","False."
"266","LA",163,408,"no","yes",23,224,126,233.5,89,293.9,104,8.8,4,"1","<4","FALSE","False."
"267","WV",90,415,"no","no",0,205.7,138,161.9,83,269.7,104,12.5,6,"2","<4","TRUE","False."
"268","WI",133,510,"no","no",0,187,65,141.4,128,238.2,108,10,8,"2","<4","TRUE","False."
"269","IL",101,415,"no","no",0,124.8,66,257.2,85,193.2,115,13.4,4,"0","<4","TRUE","False."
"270","MD",73,510,"no","no",0,254.7,80,90.2,79,153.4,60,10.6,8,"0","<4","TRUE","False."
"271","KS",124,510,"no","yes",37,161.2,109,204.2,79,231.5,87,8.9,4,"1","<4","FALSE","False."
"272","OR",161,415,"no","no",0,105.4,70,214.8,122,223.6,126,7.8,5,"0","<4","TRUE","False."
"273","PA",134,408,"no","no",0,205.3,122,240.5,155,179.1,107,5,9,"1","<4","TRUE","False."
"274","NY",40,510,"no","no",0,115.7,105,127.8,113,107.5,91,9.3,6,"1","<4","TRUE","False."
"275","ND",88,415,"no","no",0,161.5,92,173.5,108,206.2,95,7.9,4,"2","<4","TRUE","False."
"276","FL",85,408,"yes","no",0,116.2,86,229.7,127,204.2,109,10.1,3,"3","<4","FALSE","False."
"277","IL",90,415,"no","yes",29,185.6,106,219.7,113,152.1,120,11.1,5,"2","<4","FALSE","False."
"278","TX",47,408,"no","yes",28,112.2,70,154.8,106,166.7,105,10.6,2,"0","<4","FALSE","False."
"279","MD",204,510,"no","no",0,205.2,145,154.8,95,191.4,77,14.1,5,"3","<4","TRUE","False."
"280","FL",155,415,"no","no",0,181.4,111,167.7,92,168.5,122,11.3,3,"3","<4","TRUE","False."
"281","OH",98,510,"no","yes",29,111.1,105,217.9,101,248.1,108,6.6,3,"2","<4","FALSE","False."
"282","WI",92,415,"no","no",0,157.7,101,298.6,100,216.9,99,13.8,3,"1","<4","TRUE","False."
"283","SD",126,415,"no","yes",23,114.3,102,190.3,103,240.4,111,12.6,7,"3","<4","FALSE","False."
"284","MT",60,415,"no","no",0,145,133,209.1,92,328.5,112,14.6,2,"1","<4","TRUE","False."
"285","ME",174,415,"no","no",0,190.3,98,252.7,70,220.6,97,7.2,9,"2","<4","TRUE","False."
"286","MD",107,415,"no","no",0,241.9,102,126.9,117,185.6,92,11.7,6,"0","<4","TRUE","False."
"287","FL",153,415,"no","no",0,228.9,102,160.7,136,203.1,109,12.5,2,"0","<4","TRUE","False."
"288","NM",65,415,"no","no",0,148.7,80,259,94,149.5,107,12.7,6,"2","<4","TRUE","False."
"289","DE",54,415,"yes","no",0,214.1,77,240.5,94,188.9,75,10.1,3,"1","<4","FALSE","False."
"290","NH",75,510,"no","no",0,226.1,105,201.5,107,246.2,98,10.3,5,"1","<4","TRUE","False."
"291","VA",130,408,"no","no",0,211.2,119,231.1,120,220.9,80,6.3,9,"2","<4","TRUE","False."
"292","SD",113,415,"yes","no",0,204.3,82,188.8,115,139.4,97,9.2,7,"1","<4","FALSE","False."
"293","WY",124,415,"no","no",0,178.3,102,235,120,239.7,119,10.9,1,"3","<4","TRUE","False."
"294","OH",29,408,"no","no",0,196.8,81,168,110,132.6,98,12.7,7,"2","<4","TRUE","False."
"295","KY",76,415,"no","no",0,204,69,225.1,110,240.3,85,9.6,5,"1","<4","TRUE","False."
"296","OH",94,415,"no","no",0,181.3,135,182.4,108,180.6,103,6.7,2,"0","<4","TRUE","False."
"297","UT",4,510,"yes","no",0,145.3,89,303.8,93,206.1,82,8.9,4,"0","<4","FALSE","False."
"298","PA",28,415,"no","no",0,168.2,87,161.7,92,192.4,112,10.1,3,"3","<4","TRUE","False."
"299","ND",120,415,"no","no",0,177.2,88,270.4,99,231.5,90,14,2,"2","<4","TRUE","False."
"300","IN",51,510,"no","no",0,214.8,94,149.7,58,283.4,66,10.2,5,"0","<4","TRUE","False."
"301","CO",65,510,"no","no",0,158.8,53,188.5,132,189.3,87,9.8,4,"2","<4","TRUE","False."
"302","AL",19,415,"yes","no",0,237.7,98,207.1,121,182.2,95,4.5,4,"0","<4","FALSE","False."
"303","NC",114,408,"no","no",0,193,101,250,81,133.3,79,9.6,2,"2","<4","TRUE","False."
"304","NM",30,415,"no","no",0,169.9,144,225.2,118,169.7,93,11.4,7,"1","<4","TRUE","False."
"305","GA",57,408,"yes","yes",30,234.5,130,195.2,116,268.8,94,11.4,4,"2","<4","TRUE","False."
"306","DC",82,510,"no","no",0,143.9,61,194.9,105,109.6,94,11.1,2,"1","<4","TRUE","False."
"307","AL",98,408,"no","no",0,161,117,190.9,113,227.7,113,12.1,4,"4",">=4","TRUE","False."
"308","OH",32,415,"no","yes",31,232.8,97,183.5,111,206.8,111,13,2,"0","<4","FALSE","False."
"309","NJ",74,415,"no","no",0,230.9,93,223,78,157.8,101,9.7,2,"3","<4","TRUE","False."
"310","OH",94,510,"no","no",0,194.1,62,227.2,54,190.4,115,15.3,4,"1","<4","TRUE","False."
"311","NY",65,510,"no","no",0,195.4,110,181.2,109,178.5,105,8.9,4,"0","<4","TRUE","False."
"312","OR",76,415,"no","no",0,169.5,77,124,87,219.4,92,10,3,"0","<4","TRUE","False."
"313","SD",88,415,"no","no",0,215.6,115,216.2,85,171.3,65,11.8,1,"3","<4","TRUE","False."
"314","IL",48,408,"no","no",0,198.2,73,202.8,115,146.4,73,5.1,5,"1","<4","TRUE","False."
"315","CO",118,408,"no","no",0,188.8,60,217.4,64,220.1,100,8.2,7,"4",">=4","TRUE","False."
"316","AK",110,408,"no","no",0,100.1,90,233.3,93,204.4,57,11.1,8,"3","<4","TRUE","False."
"317","MN",135,408,"no","no",0,155.2,100,135.9,84,184.6,82,3.8,9,"3","<4","TRUE","False."
"318","ID",114,408,"no","yes",19,154.6,100,241.6,109,160,112,12.6,1,"3","<4","FALSE","False."
"319","WV",54,510,"no","yes",33,112,90,208,112,150.3,83,11.3,4,"2","<4","FALSE","False."
"320","OK",189,415,"no","no",0,208.3,106,236.7,123,179.1,120,11.3,5,"3","<4","TRUE","False."
"321","IL",131,510,"no","no",0,263.4,123,151.9,74,218.5,101,10.7,2,"2","<4","TRUE","False."
"322","VT",113,510,"no","no",0,207.2,113,256,80,211,87,9.9,1,"1","<4","TRUE","False."
"323","LA",9,415,"no","yes",39,214.1,108,169.2,115,189.7,117,10.1,3,"1","<4","FALSE","False."
"324","IL",142,415,"no","yes",38,163.3,104,136,114,249.1,127,4.3,6,"0","<4","FALSE","False."
"325","KS",101,510,"no","yes",25,144.1,144,167.6,105,240,107,14.5,3,"1","<4","FALSE","False."
"326","WA",184,408,"no","no",0,151.7,93,178.5,77,229.1,111,13.1,8,"2","<4","TRUE","False."
"327","DE",99,415,"no","no",0,254.4,120,159.3,92,264.4,94,6,5,"1","<4","TRUE","False."
"328","AZ",117,408,"no","no",0,239.9,84,174.8,106,209.5,93,9.8,2,"0","<4","TRUE","False."
"329","NJ",42,408,"yes","no",0,180.7,127,174.6,94,165.3,114,12,6,"2","<4","FALSE","False."
"330","WY",78,408,"no","no",0,220,95,179.9,121,188.2,109,11.5,5,"0","<4","TRUE","False."
"331","MA",129,510,"yes","no",0,192.9,131,185.5,101,205.2,130,10.9,4,"1","<4","FALSE","False."
"332","ND",94,408,"no","no",0,174,85,241.1,114,207.8,94,7.9,1,"1","<4","TRUE","False."
"333","MO",120,415,"no","yes",24,212.7,73,257.5,103,227.8,119,9.7,13,"2","<4","FALSE","False."
"334","NC",127,415,"no","yes",25,82.2,95,163.3,109,264.9,104,5.1,6,"0","<4","FALSE","False."
"335","AZ",72,510,"no","no",0,272.4,88,107.9,125,185.5,81,12.7,2,"0","<4","TRUE","False."
"336","NY",21,415,"no","no",0,244.7,81,168,117,281.5,87,6.6,1,"1","<4","TRUE","False."
"337","NC",75,408,"no","no",0,203.3,70,228.9,97,222.2,118,14.3,3,"1","<4","TRUE","False."
"338","IN",156,510,"no","no",0,237.7,122,181.5,91,185.7,151,7.7,4,"1","<4","TRUE","False."
"339","IA",129,415,"no","no",0,216,85,186.9,114,210.7,109,4.9,10,"2","<4","TRUE","False."
"340","MO",112,510,"no","yes",36,113.7,117,157.5,82,177.6,118,10,3,"2","<4","FALSE","False."
"341","SC",159,415,"no","yes",23,153.6,93,216.9,88,161.3,91,12.6,3,"2","<4","FALSE","False."
"342","KS",36,510,"no","no",0,178.6,83,213.1,103,198,119,10.9,5,"1","<4","TRUE","False."
"343","TX",112,415,"no","no",0,214.8,112,209.7,104,164.4,97,9.4,5,"3","<4","TRUE","False."
"344","HI",97,415,"no","yes",43,121.1,105,260.2,115,222.4,100,8.3,5,"3","<4","FALSE","False."
"345","DC",68,415,"yes","yes",39,142,140,241.6,89,302,72,11.3,5,"1","<4","TRUE","False."
"346","MI",36,510,"no","yes",29,281.4,102,202.2,76,187.2,113,9,6,"2","<4","FALSE","False."
"347","HI",106,415,"no","no",0,147.9,97,209.3,99,162.1,80,8.8,5,"2","<4","TRUE","False."
"348","NV",161,415,"no","no",0,72.8,120,267.1,120,222.5,91,11.8,2,"2","<4","TRUE","False."
"349","RI",36,415,"no","no",0,235.1,97,196.8,104,259.7,110,7,7,"3","<4","TRUE","False."
"350","TN",114,510,"no","no",0,172,145,276.4,101,193.7,100,10.1,9,"1","<4","TRUE","False."
"351","TN",47,415,"no","yes",30,196.6,93,241.4,140,226,118,12.9,4,"2","<4","FALSE","False."
"352","NV",129,415,"no","no",0,150,98,232.4,101,261.2,123,12.5,6,"1","<4","TRUE","False."
"353","OH",144,415,"no","yes",18,106.4,109,108.1,113,208.4,111,10.1,5,"1","<4","FALSE","False."
"354","DE",92,415,"no","yes",33,243.1,92,213.8,92,228.7,104,12.1,2,"2","<4","FALSE","False."
"355","AL",102,415,"no","no",0,123.1,106,182,102,244.6,75,12.6,7,"2","<4","TRUE","False."
"356","DC",180,415,"no","yes",33,231.8,78,232.9,79,206.9,121,7.6,4,"1","<4","FALSE","False."
"357","CA",75,510,"no","yes",38,163.6,132,146.7,113,345.8,115,13.1,3,"3","<4","FALSE","False."
"358","NH",130,415,"no","no",0,213.1,105,206.2,108,163.4,93,8.9,3,"0","<4","TRUE","False."
"359","SD",27,510,"no","no",0,226.3,95,274.3,109,242.7,119,8.2,3,"2","<4","TRUE","True."
"360","NH",149,415,"no","no",0,119.2,88,168.3,110,204.7,119,12.2,6,"4",">=4","TRUE","True."
"361","KY",74,510,"yes","no",0,125.8,103,207.7,96,207.4,143,14.1,4,"1","<4","FALSE","True."
"362","VA",108,408,"no","no",0,198.5,99,267.8,60,354.9,75,9.4,3,"0","<4","TRUE","True."
"363","KS",94,408,"no","no",0,269.2,104,193.8,144,257.6,61,8.9,2,"3","<4","TRUE","True."
"364","PA",106,408,"yes","no",0,133.7,45,187.8,107,181.9,89,10.7,2,"1","<4","FALSE","True."
"365","TX",169,408,"no","no",0,266.7,105,158.2,88,287.7,111,13.8,3,"3","<4","TRUE","True."
"366","MO",85,510,"no","no",0,165.8,96,190,141,144,116,10.9,3,"5",">=4","TRUE","True."
"367","UT",68,415,"no","no",0,162.1,86,155,86,189.7,87,11,9,"5",">=4","TRUE","True."
"368","GA",117,415,"yes","no",0,287.4,118,259.6,84,153.2,86,10,3,"1","<4","FALSE","True."
"369","NH",95,408,"yes","no",0,228.9,134,255.7,71,208,120,10.1,2,"4",">=4","FALSE","True."
"370","NE",126,415,"no","no",0,249.8,96,261.9,92,166.8,108,12.7,4,"3","<4","TRUE","True."
"371","MI",133,408,"no","no",0,277.3,138,228.4,117,117.3,103,12.8,4,"2","<4","TRUE","True."
"372","MS",120,408,"no","no",0,212.1,131,209.4,104,167.2,96,5.3,5,"1","<4","TRUE","True."
"373","OH",98,408,"no","no",0,165,129,202.6,113,172.3,94,12.5,7,"1","<4","TRUE","True."
"374","TN",17,510,"no","yes",31,153.1,115,185.9,59,224.3,102,10,1,"6",">=4","FALSE","True."
"375","CT",96,415,"no","yes",37,172.7,93,120.1,116,216.1,86,10.3,5,"5",">=4","FALSE","True."
"376","NE",159,415,"no","no",0,189.1,105,246.1,147,242,106,10.4,5,"1","<4","TRUE","True."
"377","IN",129,415,"no","no",0,137.8,120,225.8,110,145.2,95,10.2,6,"1","<4","TRUE","True."
"378","AR",118,415,"no","no",0,267.8,145,316.4,121,208.6,91,14.4,11,"5",">=4","TRUE","True."
"379","ME",88,415,"no","no",0,85.7,112,221.6,70,190.6,75,11.6,3,"4",">=4","TRUE","True."
"380","MS",61,510,"no","yes",27,187.5,124,146.6,103,225.7,129,6.4,6,"4",">=4","FALSE","True."
"381","NH",117,510,"yes","no",0,54.2,100,303.2,84,171.8,84,8.6,2,"1","<4","FALSE","True."
"382","OR",95,415,"no","no",0,269,120,233.7,120,179.3,61,7.3,4,"2","<4","TRUE","True."
"383","OK",82,510,"no","no",0,329.8,73,208.3,120,267.1,102,10.6,6,"0","<4","TRUE","True."
"384","ID",77,415,"no","no",0,251.8,72,205.7,126,275.2,109,9.8,7,"2","<4","TRUE","True."
"385","NC",133,408,"yes","yes",32,221.1,137,264.9,99,168.9,108,15.4,4,"2","<4","TRUE","True."
"386","MA",88,415,"no","no",0,264.8,124,245.4,112,160.5,115,14.8,2,"1","<4","TRUE","True."
"387","MA",119,408,"yes","yes",16,147.2,103,160.1,96,184,120,7.7,2,"0","<4","TRUE","True."
"388","MD",93,510,"yes","no",0,131.4,78,219.7,106,155.7,103,11.1,2,"1","<4","FALSE","True."
"389","NC",58,510,"no","no",0,112.2,95,209.6,108,260.9,78,13.9,1,"0","<4","TRUE","True."
"390","MD",88,415,"yes","no",0,235.1,98,251.8,79,285.9,76,7.2,2,"4",">=4","FALSE","True."
"391","WI",161,408,"no","no",0,154.7,84,177.8,125,172.9,90,5.9,2,"4",">=4","TRUE","True."
"392","FL",105,415,"no","no",0,273.8,97,289.7,106,269.1,126,5.8,3,"2","<4","TRUE","True."
"393","WA",167,415,"no","no",0,169.2,124,173.3,108,216.5,64,12.4,4,"4",">=4","TRUE","True."
"394","KY",58,415,"no","no",0,247.2,116,303.7,103,105.4,94,9.3,2,"2","<4","TRUE","True."
"395","OH",100,510,"no","no",0,278,76,176.7,74,219.5,126,8.3,4,"0","<4","TRUE","True."
"396","NM",122,408,"no","yes",33,174.9,103,248.2,105,164.6,116,13.5,3,"1","<4","FALSE","True."
"397","VA",99,415,"no","yes",42,216,125,232.3,104,215.5,100,9.3,4,"2","<4","FALSE","True."
"398","RI",103,510,"yes","no",0,255.9,128,140.9,92,308.9,130,12.1,2,"1","<4","FALSE","True."
"399","IN",94,408,"no","no",0,157.9,105,155,101,189.6,84,8,5,"4",">=4","TRUE","True."
"400","WV",88,510,"no","no",0,131.5,99,174.8,128,184.2,83,7.9,2,"5",">=4","TRUE","True."
"401","RI",143,408,"no","no",0,167.8,72,211,99,153.5,109,10.5,6,"4",">=4","TRUE","True."
"402","KY",39,415,"no","no",0,295.4,126,232.1,117,204.4,123,11.5,2,"1","<4","TRUE","True."
"403","WA",171,408,"no","no",0,270.5,69,230,112,136,111,9.6,5,"1","<4","TRUE","True."
"404","MI",132,408,"no","no",0,291.2,104,234.2,132,191.7,87,8.9,3,"1","<4","TRUE","True."
"405","MT",137,408,"yes","no",0,258,112,246.5,117,173.2,100,10.9,3,"0","<4","FALSE","True."
"406","DC",82,415,"no","no",0,300.3,109,181,100,270.1,73,11.7,4,"0","<4","TRUE","True."
"407","MI",91,415,"no","no",0,154.4,165,168.3,121,239.9,81,11.7,4,"5",">=4","TRUE","True."
"408","NY",112,415,"no","no",0,174.3,123,140.2,124,215.4,89,9,6,"4",">=4","TRUE","True."
"409","SD",144,408,"no","yes",48,189.8,96,123.4,67,214.2,106,6.5,2,"2","<4","FALSE","True."
"410","MN",125,415,"no","no",0,240.7,82,269.4,85,187.1,74,10.1,3,"0","<4","TRUE","True."
"411","GA",76,415,"no","no",0,299.5,125,226.7,92,210.7,134,13.7,4,"0","<4","TRUE","True."
"412","MD",111,510,"no","no",0,123.1,88,213.9,84,184.9,88,12,2,"5",">=4","TRUE","True."
"413","NJ",95,408,"yes","yes",37,220.2,109,185.3,99,205.1,82,4.1,2,"0","<4","TRUE","True."
"414","MD",107,415,"no","no",0,294.9,71,192.8,78,148.1,87,13.2,5,"1","<4","TRUE","True."
"415","NV",42,415,"no","no",0,303.9,106,232.2,54,147.1,76,5.8,3,"1","<4","TRUE","True."
"416","RI",106,510,"yes","no",0,204,84,168.5,61,164,102,13.3,3,"3","<4","FALSE","True."
"417","MI",178,408,"yes","no",0,124.5,134,141.2,78,268.2,113,11.4,2,"2","<4","FALSE","True."
"418","OK",105,510,"yes","yes",28,156.1,89,107.1,114,167.7,95,14.7,3,"0","<4","TRUE","True."
"419","HI",105,415,"no","no",0,281.3,124,301.5,96,202.8,109,8.7,3,"0","<4","TRUE","True."
"420","WV",50,408,"no","no",0,131.1,129,160.5,94,206.9,88,5.6,9,"5",">=4","TRUE","True."
"421","IL",89,415,"yes","yes",19,112.6,114,261.7,132,123.5,116,11.1,2,"0","<4","TRUE","True."
"422","GA",132,415,"no","no",0,193.3,106,128.3,94,162.1,119,11.6,4,"5",">=4","TRUE","True."
"423","WV",44,510,"no","no",0,228.1,121,276.5,79,279.8,77,9.9,5,"2","<4","TRUE","True."
"424","ME",80,408,"no","no",0,322.3,113,222,95,162.8,123,6.7,8,"0","<4","TRUE","True."
"425","MA",17,415,"yes","no",0,162.8,118,229.6,91,332.7,94,13.6,3,"0","<4","FALSE","True."
"426","MT",54,415,"no","no",0,272.6,83,248.7,74,197.4,111,9.5,2,"1","<4","TRUE","True."
"427","ME",92,415,"yes","no",0,130.7,113,260.6,122,244.2,98,9.4,2,"2","<4","FALSE","True."
"428","CA",111,408,"no","no",0,249.8,109,242.4,106,231.8,78,11.6,4,"0","<4","TRUE","True."
"429","KS",167,415,"no","no",0,131.6,120,211.3,96,168.3,97,11.1,4,"4",">=4","TRUE","True."
"430","MD",119,408,"no","no",0,239.1,88,243.5,79,230.9,92,10.9,3,"3","<4","TRUE","True."
"431","MT",125,510,"no","no",0,143.2,80,88.1,94,233.2,135,8.8,7,"4",">=4","TRUE","True."
"432","SD",52,510,"yes","no",0,251.4,118,196.6,80,192,53,11,2,"0","<4","FALSE","True."
"433","KS",110,415,"yes","yes",27,267.9,103,263.3,74,178.1,106,8.3,2,"1","<4","TRUE","True."
"434","KY",21,415,"no","no",0,92.6,95,161.9,70,285,78,11.3,3,"5",">=4","TRUE","True."
"435","VT",99,415,"no","no",0,115.5,75,218.1,111,254.9,98,11.5,7,"7",">=4","TRUE","True."
"436","OH",133,408,"no","no",0,117.8,100,199.2,105,244.1,119,11.8,4,"0","<4","TRUE","True."
"437","VA",92,510,"yes","no",0,252.3,120,207,112,284.6,95,12,5,"3","<4","FALSE","True."
"438","MN",139,510,"no","no",0,134.4,106,211.3,98,193.6,125,10.2,2,"5",">=4","TRUE","True."
"439","KS",105,415,"yes","no",0,273.9,119,278.6,103,255.3,90,10.9,7,"1","<4","FALSE","True."
"440","KS",46,510,"no","no",0,250.3,100,260.6,90,195,104,13.3,2,"2","<4","TRUE","True."
"441","NM",111,415,"no","no",0,132.6,125,221.1,67,127.9,101,12.7,2,"4",">=4","TRUE","True."
"442","MS",64,408,"yes","no",0,236.2,77,218.6,85,194.1,97,13.2,2,"2","<4","FALSE","True."
"443","CT",64,415,"yes","no",0,225.3,134,108.2,87,139.6,132,17.3,9,"1","<4","FALSE","True."
"444","AL",55,415,"yes","no",0,191.9,91,256.1,110,203.7,101,14.3,6,"1","<4","FALSE","True."
"445","TX",119,510,"no","no",0,81.9,75,253.8,114,213.1,125,8.9,1,"2","<4","TRUE","True."
"446","TX",208,510,"no","no",0,326.5,67,176.3,113,181.7,102,10.7,6,"2","<4","TRUE","True."
"447","PA",119,408,"no","no",0,287.1,115,159.3,99,216.8,86,13.9,1,"2","<4","TRUE","True."
"448","MT",126,415,"no","yes",30,153.4,90,151.4,97,153.8,97,12.8,4,"4",">=4","FALSE","True."
"449","PA",75,510,"no","no",0,109,88,259.3,120,182.1,119,13.3,3,"4",">=4","TRUE","True."
"450","VT",63,415,"no","no",0,278,102,266.4,114,224.1,118,13.1,4,"4",">=4","TRUE","True."
"451","SC",212,415,"no","no",0,226,127,304.6,83,181.2,132,12.6,4,"2","<4","TRUE","True."
"452","WY",159,415,"no","no",0,167.4,68,143.8,74,140.1,111,10.3,3,"0","<4","TRUE","True."
"453","DC",60,408,"no","no",0,179.3,147,208.9,89,248.2,98,13.5,6,"1","<4","TRUE","True."
"454","WA",45,510,"no","no",0,78.6,106,187.3,110,184.2,111,7.4,5,"1","<4","TRUE","True."
"455","AR",107,415,"yes","no",0,133.3,106,182.9,89,241.1,123,12.9,2,"3","<4","FALSE","True."
"456","NY",181,415,"yes","no",0,161.3,83,124.4,83,262,98,14.1,3,"0","<4","FALSE","True."
"457","NC",130,408,"yes","no",0,216.2,106,363.7,86,126.7,123,16.9,2,"5",">=4","FALSE","True."
"458","MI",93,415,"yes","no",0,216.9,61,207.4,120,221.7,110,17.5,5,"1","<4","FALSE","True."
"459","CO",159,408,"yes","no",0,257.1,53,312.2,127,183,82,8.8,6,"1","<4","FALSE","True."
"460","NV",69,510,"yes","yes",33,271.5,98,253.4,102,165.4,85,8.2,2,"1","<4","TRUE","True."
"461","VT",95,510,"yes","yes",41,136.8,91,200.8,61,133.7,67,10.3,9,"5",">=4","TRUE","True."
"462","MN",40,510,"no","no",0,81.7,123,210.2,108,212,64,11.3,3,"6",">=4","TRUE","True."
"463","WV",115,510,"yes","no",0,249.9,95,242.5,104,151.7,121,15.3,6,"1","<4","FALSE","True."
"464","OK",101,408,"no","no",0,89.7,118,260.1,79,170.1,93,13.5,11,"5",">=4","TRUE","True."
"465","MA",111,415,"no","no",0,284.4,89,157,113,242.8,91,8.4,8,"0","<4","TRUE","True."
"466","FL",55,510,"no","yes",45,130.5,114,208.4,94,141.6,114,11,5,"4",">=4","FALSE","True."
"467","SC",19,510,"no","no",0,259.4,116,269.7,109,175.3,130,9.5,3,"1","<4","TRUE","True."
"468","ID",92,415,"no","yes",29,201.3,130,203.7,115,129.9,113,6.4,6,"1","<4","FALSE","True."
"469","CA",79,510,"no","no",0,157.6,85,194.1,92,231.5,86,9.4,10,"5",">=4","TRUE","True."
"470","FL",70,510,"yes","no",0,226.7,98,228.1,115,73.2,93,17.6,4,"2","<4","FALSE","True."
"471","MO",76,510,"no","no",0,129.7,84,177.5,80,228.9,87,7.5,3,"5",">=4","TRUE","True."
"472","NC",80,415,"yes","no",0,189.1,122,223.2,92,269,116,13.9,3,"2","<4","FALSE","True."
"473","MI",108,408,"yes","no",0,115.1,114,211.3,70,136.1,85,13.8,3,"2","<4","FALSE","True."
"474","CO",121,408,"yes","no",0,167.7,94,93.7,121,241.3,115,13.4,1,"3","<4","FALSE","True."
"475","NV",105,415,"yes","yes",29,220.7,82,217.7,110,190.5,100,13.2,6,"1","<4","TRUE","True."
"476","AL",60,408,"yes","yes",29,265.9,113,215.8,94,108.1,82,14,12,"0","<4","TRUE","True."
"477","WA",177,415,"no","no",0,266.1,91,225.2,79,224.7,58,8.9,8,"3","<4","TRUE","True."
"478","MI",225,415,"no","no",0,165.4,106,273.7,109,210,93,8.7,3,"0","<4","TRUE","True."
"479","MN",57,415,"no","no",0,272.7,74,224.9,85,178.2,104,10.5,3,"2","<4","TRUE","True."
"480","MN",152,415,"no","no",0,317.8,60,152.9,100,123.4,63,10.4,7,"1","<4","TRUE","True."
"481","NY",123,415,"no","no",0,123.2,104,190,117,170.3,95,12.9,5,"4",">=4","TRUE","True."
"482","AR",99,510,"yes","no",0,242.3,102,350.9,102,163.1,93,11.3,3,"0","<4","FALSE","True."
"483","WY",87,415,"no","no",0,151,83,219.7,116,203.9,127,9.7,3,"5",">=4","TRUE","True."
"484","MN",62,510,"no","yes",33,186.4,84,201,136,286.7,103,11.1,3,"2","<4","FALSE","True."
"485","NJ",111,510,"no","no",0,176.9,128,102.8,56,213.7,84,10.5,2,"4",">=4","TRUE","True."
"486","ME",102,510,"no","no",0,195.7,116,209.1,87,201.1,73,8.3,3,"1","<4","TRUE","True."
"487","RI",121,408,"no","no",0,170.4,108,350.5,68,297,87,11.2,3,"0","<4","TRUE","True."
"488","OH",97,408,"no","no",0,256.4,125,273.9,100,222.7,101,11.1,1,"1","<4","TRUE","True."
"489","OK",154,415,"yes","no",0,145.9,69,208.2,141,180.9,106,14.4,10,"0","<4","FALSE","True."
"490","MD",108,415,"yes","yes",42,130.1,90,167,128,244.7,80,13.6,5,"3","<4","TRUE","True."
"491","MN",124,510,"yes","no",0,157.8,71,203.2,114,168.7,82,10,2,"3","<4","FALSE","True."
"492","OR",149,415,"no","no",0,242.5,83,245.4,97,219.6,80,10,3,"3","<4","TRUE","True."
"493","DC",24,408,"no","no",0,149,73,131,81,238.6,69,8.6,3,"2","<4","TRUE","True."
"494","NM",107,415,"no","no",0,222.3,101,286,111,249.4,117,12.1,4,"1","<4","TRUE","True."
"495","WV",152,510,"yes","yes",41,146.8,128,285.6,96,213.6,80,4.3,2,"1","<4","TRUE","True."
"496","SC",101,415,"no","no",0,158.4,92,188,117,219.7,125,13.5,4,"4",">=4","TRUE","True."
"497","MS",13,415,"no","no",0,303.2,133,170.5,86,227.6,80,11.5,3,"0","<4","TRUE","True."
"498","NC",54,415,"yes","no",0,190.5,108,259.7,108,141.5,111,9.7,2,"2","<4","FALSE","True."
"499","NJ",135,510,"no","yes",28,201.4,100,246.5,117,154.8,131,12.9,4,"2","<4","FALSE","True."
"500","CA",105,415,"no","yes",31,109.6,108,249.3,119,321.2,101,8.3,4,"4",">=4","FALSE","True."
"501","MI",105,415,"no","no",0,226.9,106,182.2,77,203.9,107,11.6,2,"0","<4","TRUE","True."
"502","OK",86,510,"yes","no",0,162.4,131,167,102,128.9,118,11.4,2,"2","<4","FALSE","True."
"503","WY",123,415,"no","no",0,242.2,87,226.1,101,268.6,121,8.2,3,"5",">=4","TRUE","True."
"504","OR",138,415,"yes","yes",28,211.2,117,312.5,98,178,118,10.7,2,"3","<4","TRUE","True."
"505","VT",159,415,"no","no",0,275.8,103,189.5,108,223.9,93,7.4,5,"2","<4","TRUE","True."
"506","NJ",134,510,"no","yes",34,247.2,105,225.5,133,186.3,76,6.1,5,"2","<4","FALSE","True."
"507","TX",136,408,"no","no",0,269.8,106,228.8,101,257.5,106,10.1,8,"1","<4","TRUE","True."
"508","OR",135,415,"no","no",0,263.8,66,251.3,116,200.1,112,8.4,2,"5",">=4","TRUE","True."
"509","MN",152,415,"yes","yes",20,237.5,120,253.4,94,265.2,80,14.2,3,"9",">=4","TRUE","True."
"510","NJ",85,415,"no","no",0,236.9,93,197.7,113,309.1,78,11.4,7,"2","<4","TRUE","True."
"511","NJ",127,510,"no","no",0,245.2,91,217.2,92,243.1,128,13.9,6,"0","<4","TRUE","True."
"512","MS",131,415,"no","no",0,131.6,95,179.3,109,251.2,129,15.5,3,"1","<4","TRUE","True."
"513","WY",106,415,"yes","yes",26,270.3,111,215.2,90,254,133,14.4,7,"1","<4","TRUE","True."
"514","MD",93,408,"yes","no",0,312,109,129.4,100,217.6,74,10.5,2,"0","<4","FALSE","True."
"515","SD",91,415,"no","no",0,153,123,141.1,127,171.5,76,10.3,15,"1","<4","TRUE","True."
"516","DE",138,510,"yes","no",0,46.5,104,186,114,167.5,95,9.6,4,"4",">=4","FALSE","True."
"517","SC",87,408,"no","no",0,322.5,106,204.6,93,186.2,128,9.4,4,"2","<4","TRUE","True."
"518","MI",51,415,"no","no",0,229.7,129,336,104,192.8,128,9.6,1,"1","<4","TRUE","True."
"519","OR",140,415,"no","no",0,120.3,108,240.4,84,216.4,74,7.7,3,"4",">=4","TRUE","True."
"520","DE",67,415,"yes","yes",35,181.1,59,215.9,116,216.3,106,16.9,4,"0","<4","TRUE","True."
"521","TX",70,415,"no","no",0,232.8,95,303.4,111,255.6,104,12.9,7,"0","<4","TRUE","True."
"522","ND",147,408,"yes","yes",35,157.5,109,189.6,67,227,76,11.1,2,"3","<4","TRUE","True."
"523","PA",79,415,"no","no",0,268.3,114,185.5,111,264.6,88,6.3,7,"1","<4","TRUE","True."
"524","NV",148,415,"no","no",0,279.3,104,201.6,87,280.8,99,7.9,2,"2","<4","TRUE","True."
"525","SC",161,510,"no","no",0,297.9,141,238.1,107,240.5,93,8.9,5,"1","<4","TRUE","True."
"526","MT",28,415,"no","no",0,121.7,48,125.8,112,261.6,122,8.3,2,"6",">=4","TRUE","True."
"527","VT",113,415,"no","no",0,272.1,111,268.5,118,213.8,105,8.5,10,"1","<4","TRUE","True."
"528","NC",162,408,"no","yes",26,179.7,144,218.1,129,212.3,105,9.3,8,"1","<4","FALSE","True."
"529","CT",93,415,"no","no",0,271.1,101,237.4,133,145.4,103,8.4,6,"1","<4","TRUE","True."
"530","AK",111,415,"no","no",0,172.8,58,183.1,108,158.8,104,7.9,3,"4",">=4","TRUE","True."
"531","GA",128,408,"yes","yes",18,222.1,89,160.6,109,218.8,102,13.6,2,"0","<4","TRUE","True."
"532","ME",131,510,"yes","yes",26,292.9,101,199.7,97,255.3,127,13.8,7,"4",">=4","TRUE","True."
"533","NV",113,510,"no","no",0,245.3,108,259.9,140,204.3,115,10.7,2,"3","<4","TRUE","True."
"534","CT",119,408,"no","no",0,294.2,100,232.5,53,195,64,9,1,"0","<4","TRUE","True."
"535","CT",125,415,"yes","no",0,187.3,118,160.7,111,263.8,112,9.6,2,"0","<4","FALSE","True."
"536","MO",179,510,"no","no",0,287.3,123,288,114,266,112,10.5,4,"0","<4","TRUE","True."
"537","VT",73,415,"no","no",0,217.8,91,220.6,97,277.3,89,10.3,6,"1","<4","TRUE","True."
"538","NM",119,415,"yes","yes",15,160,95,209.5,110,82.3,107,8.7,5,"5",">=4","TRUE","True."
"539","KY",75,415,"no","no",0,314.6,102,169.8,86,285.1,100,5.7,3,"2","<4","TRUE","True."
"540","IA",81,510,"no","no",0,261.4,141,215.7,102,271.8,96,8,6,"1","<4","TRUE","True."
"541","MI",146,408,"no","no",0,149.3,83,187.1,130,149.8,100,7.9,4,"7",">=4","TRUE","True."
"542","NY",77,415,"no","yes",33,143,101,212.2,102,104.9,120,15.3,4,"5",">=4","FALSE","True."
"543","DE",113,415,"no","no",0,239.7,47,282.9,110,238.4,88,8.7,3,"2","<4","TRUE","True."
"544","ID",116,510,"yes","yes",29,162.3,91,279.3,79,192.7,131,11.7,2,"3","<4","TRUE","True."
"545","SC",88,510,"no","no",0,73.3,86,161.4,82,239.6,76,8.2,3,"4",">=4","TRUE","True."
"546","MS",65,415,"yes","no",0,277.9,123,155.8,112,256.9,71,9.2,10,"0","<4","FALSE","True."
"547","CT",115,415,"no","no",0,245,97,250.7,75,270.2,124,13.7,8,"1","<4","TRUE","True."
"548","VT",117,408,"yes","no",0,167.1,86,177.5,87,249.4,132,14.1,7,"2","<4","FALSE","True."
"549","KY",113,408,"no","yes",20,157.8,83,161.5,56,271.5,100,8.7,2,"5",">=4","FALSE","True."
"550","DE",122,510,"no","no",0,157.1,134,184.9,122,197.2,59,8.5,5,"4",">=4","TRUE","True."
"551","UT",49,415,"no","no",0,266.3,90,207.8,117,205,98,14,2,"2","<4","TRUE","True."
"552","UT",103,510,"no","yes",36,87.2,92,169.3,110,166.7,80,10.9,5,"6",">=4","FALSE","True."
"553","ME",118,408,"yes","yes",21,156.5,122,209.2,125,158.7,81,11.1,3,"4",">=4","TRUE","True."
"554","DE",97,510,"no","no",0,225.1,90,279.5,127,233.8,103,8.8,4,"0","<4","TRUE","True."
"555","CO",154,415,"no","no",0,350.8,75,216.5,94,253.9,100,10.1,9,"1","<4","TRUE","True."
"556","MT",85,408,"no","yes",17,89.8,88,233.2,75,165.7,116,9.3,7,"4",">=4","FALSE","True."
"557","KS",92,408,"yes","no",0,62.6,111,180.6,126,221.7,80,10.4,2,"1","<4","FALSE","True."
"558","SC",130,415,"no","no",0,212.8,102,189.8,137,170.1,105,10.6,4,"0","<4","TRUE","True."
"559","GA",93,408,"no","yes",21,134.2,105,162.5,128,186.6,90,11.8,2,"4",">=4","FALSE","True."
"560","TX",82,415,"no","no",0,189.2,81,184.4,117,255.8,83,10.6,5,"3","<4","TRUE","True."
"561","CA",112,415,"no","no",0,111.9,92,114,143,146.8,79,14.1,3,"5",">=4","TRUE","True."
"562","AZ",66,510,"no","no",0,154,133,198.9,121,151.9,100,9.5,3,"4",">=4","TRUE","True."
"563","MO",95,415,"yes","no",0,165.5,84,286.2,112,198.9,89,11.5,2,"1","<4","FALSE","True."
"564","CA",37,510,"no","no",0,239.9,120,261.6,88,207.1,88,8.9,4,"2","<4","TRUE","True."
"565","MA",40,408,"no","yes",31,224.7,69,134.5,81,120.3,104,7.5,5,"1","<4","FALSE","True."
"566","WY",94,510,"no","no",0,271.2,105,202.6,105,221.6,51,11.5,3,"3","<4","TRUE","True."
"567","UT",105,415,"no","no",0,106.4,71,240.1,83,147.7,114,5.3,4,"6",">=4","TRUE","True."
"568","NY",54,415,"no","no",0,286.6,73,223.2,108,203.7,107,11.5,5,"1","<4","TRUE","True."
"569","DE",2,415,"yes","no",0,132.1,42,138.9,88,192.6,119,9.1,1,"2","<4","FALSE","True."
"570","MT",100,415,"no","no",0,96.5,86,210.2,133,146.4,106,12.5,3,"1","<4","TRUE","True."
"571","TN",108,510,"no","yes",34,162.1,83,171.8,117,259.8,76,9.6,3,"4",">=4","FALSE","True."
"572","MS",73,415,"no","yes",31,82.3,105,256.1,91,229.6,98,11.8,2,"6",">=4","FALSE","True."
"573","NJ",182,415,"no","no",0,279.1,124,180.5,108,217.5,104,9.5,11,"2","<4","TRUE","True."
"574","FL",132,510,"no","yes",36,226.2,103,181.6,125,258.8,102,10.5,5,"3","<4","FALSE","True."
"575","WY",127,510,"yes","no",0,242.2,102,226.1,80,252,96,13.9,5,"2","<4","FALSE","True."
"576","NY",161,415,"no","no",0,332.9,67,317.8,97,160.6,128,5.4,9,"4",">=4","TRUE","True."
"577","GA",44,510,"no","no",0,288.1,112,258,92,192.4,90,10.2,4,"3","<4","TRUE","True."
"578","SC",112,415,"no","no",0,266,97,214.6,94,306.2,100,14.2,2,"2","<4","TRUE","True."
"579","SC",209,510,"no","no",0,255.1,124,230.6,110,218,69,8.5,5,"3","<4","TRUE","True."
"580","NC",115,510,"yes","no",0,251.3,69,252.5,96,118.3,112,9.9,1,"3","<4","FALSE","True."
"581","IL",78,415,"yes","no",0,236.8,141,265.3,101,152.4,77,9.5,2,"1","<4","FALSE","True."
"582","ME",62,415,"yes","yes",32,218.4,93,236.7,132,192.2,137,13.2,3,"0","<4","TRUE","True."
"583","TX",150,510,"no","no",0,178.9,101,169.1,110,148.6,100,13.8,3,"4",">=4","TRUE","True."
"584","NJ",57,510,"yes","no",0,115,65,122.3,96,245,75,6.4,1,"0","<4","FALSE","True."
"585","MT",109,408,"no","no",0,264.7,69,305,120,197.4,86,9.5,9,"1","<4","TRUE","True."
"586","NV",137,415,"yes","no",0,135.1,95,134.1,102,223.1,81,12.3,2,"2","<4","FALSE","True."
"587","AL",93,408,"no","no",0,267.9,114,223,74,262.7,90,11.3,3,"3","<4","TRUE","True."
"588","ND",145,415,"no","no",0,245.8,116,286.7,91,240.7,115,9,13,"1","<4","TRUE","True."
"589","NV",88,415,"no","no",0,166.7,61,179.3,88,242.7,131,6.8,7,"4",">=4","TRUE","True."
"590","WA",90,415,"yes","no",0,148.2,96,220.4,111,134.2,97,9.2,1,"4",">=4","FALSE","True."
"591","MS",78,408,"no","no",0,108.6,108,209.9,126,222.6,117,7.9,5,"1","<4","TRUE","True."
"592","WY",97,510,"yes","no",0,236.9,107,157.6,105,241,120,7.3,2,"0","<4","FALSE","True."
"593","MO",112,415,"no","no",0,335.5,77,212.5,109,265,132,12.7,8,"2","<4","TRUE","True."
"594","MD",172,408,"no","no",0,287.1,108,178.4,125,153.2,98,14.4,2,"3","<4","TRUE","True."
"595","MS",162,415,"no","no",0,70.7,108,157.5,87,154.8,82,9.1,3,"4",">=4","TRUE","True."
"596","WI",149,415,"yes","yes",28,126.9,97,166.9,102,145.2,77,8.8,3,"5",">=4","TRUE","True."
"597","NE",76,415,"no","no",0,272.7,97,236.4,95,235.5,105,7.7,2,"0","<4","TRUE","True."
"598","WY",76,415,"no","no",0,263.4,148,230.3,69,170.6,101,11.4,5,"1","<4","TRUE","True."
"599","WI",153,510,"no","no",0,159.5,103,275.5,90,176.7,126,10.1,2,"1","<4","TRUE","True."
"600","OR",81,415,"no","no",0,324.7,48,236.4,82,187.6,78,13.1,5,"0","<4","TRUE","True."
"601","WY",134,510,"no","no",0,296,93,226.4,117,246.8,98,12.3,10,"0","<4","TRUE","True."
"602","SD",128,510,"yes","yes",32,223.5,81,188.8,74,154.9,101,9.4,2,"2","<4","TRUE","True."
"603","NH",74,408,"no","no",0,298.1,112,201.3,100,214.7,88,9.7,4,"2","<4","TRUE","True."
"604","FL",144,510,"no","no",0,278.5,95,240.7,90,120,90,11.6,5,"1","<4","TRUE","True."
"605","MD",135,408,"yes","yes",41,173.1,85,203.9,107,122.2,78,14.6,15,"0","<4","TRUE","True."
"606","MI",74,415,"no","no",0,314.1,86,222.4,99,259,121,12.3,5,"3","<4","TRUE","True."
"607","CA",138,510,"yes","no",0,196.2,129,176.5,86,232.4,108,15.2,1,"0","<4","FALSE","True."
"608","MN",115,510,"yes","no",0,122,110,220.2,100,179.7,124,10.8,2,"2","<4","FALSE","True."
"609","CO",105,408,"no","no",0,270.9,98,226.2,110,178.8,60,8.8,5,"0","<4","TRUE","True."
"610","WV",72,510,"no","yes",33,96.6,59,315.4,98,163.3,117,6.2,4,"4",">=4","FALSE","True."
"611","ID",193,415,"no","no",0,96.8,92,142.6,103,210.1,115,10.9,5,"2","<4","TRUE","True."
"612","WA",174,408,"no","yes",33,167.8,91,205.3,91,130,132,14.5,4,"4",">=4","FALSE","True."
"613","DE",129,510,"no","no",0,334.3,118,192.1,104,191,83,10.4,6,"0","<4","TRUE","True."
"614","NV",74,415,"no","no",0,282.5,114,219.9,48,170,115,9.4,4,"1","<4","TRUE","True."
"615","UT",68,415,"no","no",0,213.9,112,260.5,100,233.8,97,8.4,3,"1","<4","TRUE","True."
"616","WV",63,510,"no","no",0,261.8,69,245,135,202.1,94,14.7,4,"0","<4","TRUE","True."
"617","NY",144,408,"no","no",0,61.6,117,77.1,85,173,99,8.2,7,"4",">=4","TRUE","True."
"618","NH",103,408,"no","no",0,150.6,125,169.1,126,221.2,104,10.4,8,"8",">=4","TRUE","True."
"619","LA",124,510,"no","no",0,143.3,120,230.7,111,214.3,91,7.8,2,"4",">=4","TRUE","True."
"620","NJ",80,415,"no","no",0,268.7,120,301,147,167,140,5.8,1,"2","<4","TRUE","True."
"621","DC",114,415,"no","no",0,147.1,119,161,111,275.9,106,9,3,"5",">=4","TRUE","True."
"622","IN",65,415,"no","no",0,129.1,137,228.5,83,208.8,111,12.7,6,"4",">=4","TRUE","True."
"623","LA",109,415,"no","yes",27,166.9,85,221.2,92,197.3,97,12.3,4,"1","<4","FALSE","True."
"624","KS",126,408,"no","no",0,321.3,99,167.9,93,193.6,106,8,4,"1","<4","TRUE","True."
"625","IN",113,415,"no","no",0,209.4,151,347.3,113,246,116,7.4,2,"1","<4","TRUE","True."
"626","MA",136,408,"yes","no",0,199.6,89,211.4,96,72.4,84,11,4,"3","<4","FALSE","True."
"627","AL",89,510,"no","no",0,129.2,71,214.1,68,214.9,100,10.3,4,"5",">=4","TRUE","True."
"628","ID",119,415,"no","no",0,159.1,114,231.3,117,143.2,91,8.8,3,"5",">=4","TRUE","True."
"629","TX",75,415,"no","no",0,305.1,106,188,115,235.4,116,8.5,5,"0","<4","TRUE","True."
"630","NJ",88,415,"no","no",0,301.5,136,257.7,72,132.9,118,13.4,2,"4",">=4","TRUE","True."
"631","NJ",48,510,"no","yes",22,152,63,258.8,131,263.2,109,15.7,5,"2","<4","FALSE","True."
"632","SD",104,510,"no","no",0,234.2,128,293.1,92,183.9,79,9.8,6,"0","<4","TRUE","True."
"633","MS",101,408,"no","no",0,239,156,273,106,278.2,93,13.5,8,"1","<4","TRUE","True."
"634","WA",97,408,"no","no",0,276.1,82,201.1,106,231.3,73,8.9,4,"0","<4","TRUE","True."
"635","MA",71,510,"no","no",0,290.4,108,253.9,92,263.3,126,10.1,5,"3","<4","TRUE","True."
"636","NY",82,415,"no","no",0,167.1,77,131.8,79,187.4,98,9.4,1,"6",">=4","TRUE","True."
"637","TX",98,415,"no","no",0,217.2,121,303.4,73,197.1,71,12.4,2,"0","<4","TRUE","True."
"638","VA",68,408,"yes","no",0,148.5,126,219.4,125,198.5,121,14.5,7,"1","<4","FALSE","True."
"639","NV",81,415,"no","yes",28,167.9,147,190.7,105,193,103,9.2,6,"4",">=4","FALSE","True."
"640","FL",166,510,"yes","no",0,47.7,89,264.4,95,235.2,97,13.2,3,"0","<4","FALSE","True."
"641","KY",98,415,"no","yes",36,168,81,163.2,125,172.7,120,8,2,"6",">=4","FALSE","True."
"642","OH",83,415,"no","no",0,337.4,120,227.4,116,153.9,114,15.8,7,"0","<4","TRUE","True."
"643","PA",119,408,"no","no",0,260.1,101,256.5,68,229.1,89,10,2,"1","<4","TRUE","True."
"644","SD",98,415,"no","no",0,0,0,159.6,130,167.1,88,6.8,1,"4",">=4","TRUE","True."
"645","ND",71,510,"no","no",0,238,82,278.5,94,193.1,134,11.8,10,"0","<4","TRUE","True."
"646","HI",99,408,"no","no",0,135.7,107,208.4,103,209,95,8.8,3,"7",">=4","TRUE","True."
"647","MS",123,415,"yes","no",0,125.5,106,128.9,96,251.9,129,6.3,6,"4",">=4","FALSE","True."
"648","ME",75,408,"yes","no",0,211.3,61,105.6,119,175.9,63,9.7,4,"4",">=4","FALSE","True."
"649","NH",97,408,"no","yes",32,90,87,276.3,113,185.2,107,8.6,6,"2","<4","FALSE","True."
"650","CT",23,510,"no","no",0,321.6,107,251.6,115,141.1,158,11.3,3,"2","<4","TRUE","True."
"651","SD",93,510,"no","no",0,328.1,106,151.7,89,303.5,114,8.7,3,"1","<4","TRUE","True."
"652","OH",133,408,"yes","no",0,254.7,103,252.2,80,178.1,103,8,3,"0","<4","FALSE","True."
"653","CO",77,408,"no","no",0,62.4,89,169.9,121,209.6,64,5.7,6,"5",">=4","TRUE","True."
"654","MN",123,408,"no","no",0,236.2,135,273.9,88,227,77,10.1,6,"2","<4","TRUE","True."
"655","VT",128,408,"no","no",0,227.9,130,302.6,71,191.5,82,5.5,7,"1","<4","TRUE","True."
"656","TX",37,510,"yes","no",0,172.9,119,183,86,226.4,100,9.8,1,"0","<4","FALSE","True."
"657","CA",151,415,"yes","no",0,218,57,114.4,88,269.2,95,12.4,1,"0","<4","FALSE","True."
"658","CO",92,415,"no","no",0,184.7,60,262,73,239.5,120,12.3,6,"2","<4","TRUE","True."
"659","NY",126,415,"yes","no",0,239.7,87,281.7,92,183.5,113,11.4,1,"1","<4","FALSE","True."
"660","MN",173,510,"no","no",0,291.8,143,214.3,134,151.2,119,9.9,2,"0","<4","TRUE","True."
"661","TN",120,408,"yes","no",0,179.9,72,170,98,190.6,89,13.8,2,"1","<4","FALSE","True."
"662","WI",69,510,"yes","no",0,279.8,90,248.7,91,171,118,8.4,10,"2","<4","FALSE","True."
"663","WA",55,408,"no","no",0,285.7,124,230.9,106,230.7,140,14.8,7,"0","<4","TRUE","True."
"664","OR",99,408,"no","no",0,256.4,44,214.5,105,233.7,75,7.9,1,"3","<4","TRUE","True."
"665","IN",68,510,"no","no",0,249.9,127,254.5,118,273.2,98,8.9,6,"2","<4","TRUE","True."
"666","AR",109,415,"no","yes",29,111.2,90,263.5,98,224.7,128,9,6,"6",">=4","FALSE","True."
"667","DE",51,415,"yes","no",0,153.6,108,232.9,85,214.2,92,14.1,4,"0","<4","FALSE","True."
"668","NE",96,415,"no","no",0,180.6,92,190.9,114,295.6,125,10.3,4,"1","<4","TRUE","True."
"669","NE",61,408,"no","no",0,267.1,104,180.4,131,230.6,106,17.3,4,"1","<4","TRUE","True."
"670","CO",130,408,"no","no",0,271.8,129,237.2,128,210.1,91,8.7,2,"4",">=4","TRUE","True."
"671","WA",100,408,"no","no",0,70.8,94,215.6,102,230.8,125,9.5,1,"6",">=4","TRUE","True."
"672","NH",141,415,"no","yes",32,322.4,92,283.2,107,209.5,111,6.7,3,"1","<4","FALSE","True."
"673","KS",84,415,"no","no",0,225.9,86,275.6,105,201.4,108,14.3,3,"3","<4","TRUE","True."
"674","OK",101,415,"no","no",0,269.7,85,207.6,86,214.2,107,4.5,15,"3","<4","TRUE","True."
"675","NC",95,408,"no","no",0,128.6,115,216.2,88,255.3,96,6.3,2,"6",">=4","TRUE","True."
"676","DC",66,415,"no","no",0,167.3,91,230,68,191.7,118,10.6,5,"1","<4","TRUE","True."
"677","OR",53,408,"no","no",0,261.2,119,250.8,105,176,112,9.8,2,"0","<4","TRUE","True."
"678","NV",64,408,"no","no",0,148.1,73,164.9,101,216,125,12.3,2,"5",">=4","TRUE","True."
"679","KY",91,415,"yes","no",0,145,89,175.8,102,223.7,151,16.7,3,"2","<4","FALSE","True."
"680","NV",76,510,"yes","no",0,241,120,231.8,96,220.2,67,9.9,1,"1","<4","FALSE","True."
"681","NY",139,510,"no","no",0,236.6,109,169.9,107,212.3,118,11.1,2,"1","<4","TRUE","True."
"682","AL",25,408,"no","no",0,264.9,80,281.2,66,166.1,80,8.4,4,"1","<4","TRUE","True."
"683","MT",184,415,"no","no",0,236.4,73,287.3,120,192,94,13.8,4,"1","<4","TRUE","True."
"684","TX",90,415,"yes","yes",26,169,104,188.8,104,213.3,76,13.3,3,"0","<4","TRUE","True."
"685","IA",44,415,"no","no",0,308.6,139,150.8,94,198.7,66,7.3,3,"4",">=4","TRUE","True."
"686","MA",34,415,"no","no",0,293.7,89,272.5,71,178.2,76,11,10,"2","<4","TRUE","True."
"687","CT",120,408,"yes","no",0,202,123,184.3,78,176,89,7.4,2,"2","<4","FALSE","True."
"688","MI",108,408,"no","yes",32,209.5,108,109.6,64,189.7,145,9.1,6,"6",">=4","FALSE","True."
"689","ME",36,510,"yes","yes",42,196.8,89,254.9,122,138.3,126,20,6,"0","<4","TRUE","True."
"690","NV",71,415,"yes","no",0,178.2,113,167.8,94,182.1,111,13.6,3,"3","<4","FALSE","True."
"691","TX",75,415,"yes","no",0,222.4,78,327,111,208,104,8.7,9,"1","<4","FALSE","True."
"692","OR",94,415,"no","no",0,234.4,103,279.3,109,234.2,121,2,2,"1","<4","TRUE","True."
"693","UT",170,415,"no","no",0,285.7,44,167.5,144,260,97,8.7,4,"1","<4","TRUE","True."
"694","NJ",46,408,"no","no",0,257.4,67,261.1,91,204.4,107,13.4,5,"2","<4","TRUE","True."
"695","MS",118,415,"no","yes",26,170.8,114,199.5,125,169.7,98,9.6,5,"5",">=4","FALSE","True."
"696","MN",100,415,"yes","no",0,159.9,94,179.9,95,154.4,102,11.6,2,"2","<4","FALSE","True."
"697","MD",154,510,"no","no",0,154.5,122,214.2,71,178,105,12,2,"3","<4","TRUE","True."
"698","NY",64,415,"yes","no",0,346.8,55,249.5,79,275.4,102,13.3,9,"1","<4","FALSE","True."
"699","ND",180,415,"no","no",0,224.9,105,250,101,216.1,73,6.7,5,"3","<4","TRUE","True."
"700","MD",116,408,"no","no",0,159.4,79,179.5,88,167.8,71,9.7,2,"6",">=4","TRUE","True."
"701","NM",41,415,"no","no",0,232.1,74,327.1,88,226.5,119,10.9,2,"3","<4","TRUE","True."
"702","RI",125,408,"no","no",0,113,108,169.2,107,156.6,61,9.2,5,"2","<4","TRUE","True."
"703","SC",121,415,"no","no",0,144.8,126,200.6,82,208.8,81,13.3,9,"0","<4","TRUE","True."
"704","IN",122,408,"no","no",0,296.4,99,214.8,89,133.9,107,11.4,3,"4",">=4","TRUE","True."
"705","UT",71,415,"no","no",0,278.9,110,190.2,67,255.2,84,11.7,7,"0","<4","TRUE","True."
"706","MD",136,415,"no","no",0,250.2,121,267.1,118,151,114,13,2,"1","<4","TRUE","True."
"707","AR",145,415,"no","no",0,224.2,89,314.9,121,182.9,121,16.1,3,"1","<4","TRUE","True."
"708","OK",89,510,"no","no",0,303.9,95,260.9,114,312.1,89,5.3,3,"1","<4","TRUE","True."
"709","NJ",162,408,"no","no",0,217.6,87,279,71,250.7,65,10.4,4,"2","<4","TRUE","True."
"710","WI",16,510,"no","no",0,229.6,78,205.7,108,166.2,91,10.8,2,"0","<4","TRUE","True."
"711","TX",73,408,"no","no",0,286.4,109,178.2,67,214.2,152,10.7,14,"1","<4","TRUE","True."
"712","NY",163,408,"no","no",0,247.7,77,269.5,108,167.3,82,9.6,7,"0","<4","TRUE","True."
"713","OK",44,408,"no","no",0,288.8,86,175.9,87,215.4,106,9.5,2,"0","<4","TRUE","True."
"714","LA",150,415,"no","no",0,136.6,112,209.4,81,161.1,78,12.2,2,"4",">=4","TRUE","True."
"715","KS",24,510,"no","no",0,243,91,183.9,77,184.3,109,15.3,6,"0","<4","TRUE","True."
"716","OR",33,415,"no","yes",29,157.4,99,117.9,80,279.2,79,13.9,11,"4",">=4","FALSE","True."
